filename,time_taken
00051ef749eb4d13a1296a986f4892f4.jpeg,3.035
000a0c18-693b-45f7-9365-0d65258dcac3-1731752291135.jpeg,1.2127
000afbe9-d1af-4369-9bfb-5ab6217353c7-1731658141844.jpeg,2.5093
00249e3e-9ede-4663-b2e5-0a41286c11cf-1731657073409.jpeg,1.8899
00274acf-3e02-4413-8284-a4b4eaaa8a95-1731651770004.jpeg,2.0808
002ce43c-0e82-4fae-92fc-2d835ed874d6-1731657488202.jpeg,1.4727
0051c17b-84ac-43de-a15a-cfe5b88125a7-1731744030429.jpeg,1.3393
0054b18b-fa1c-43fa-873f-ad26f8b890e5-1731654898679.jpeg,0.4538
0075e90b-66b2-47b2-9b0a-6dc8308eeec7-1731738568260.jpeg,0.7055
007705ec-474a-447e-aee6-a191bcc0fa01-1731572174766.jpeg,1.1087
009902ed-6c80-4e32-bae2-969d4ed3d4e6-1731646667826.jpeg,1.1345
00cde3ca-37ca-47af-9d07-02f6a22c9911-1731651165769.jpeg,1.4107
00f9dc3a-12f5-4234-88d0-4d667d248636-1731749677791.jpeg,1.6425
00fa1725-d8e2-42fc-9fec-cf02e2ac1ab6-1731742208884.jpeg,1.071
01294aa3-ffec-4428-9f14-50b4e5273be6-1731562304237.jpeg,0.9137
0146ae48-d496-44a7-9aaa-9192f10bcb33-1731575851722.jpeg,1.1241
01f7c347-f43c-4737-8251-77583a225cc2-1731565794688.jpeg,1.2912
0252b111-0b29-45a8-a0d7-60205e07876e-1731571894114.jpeg,1.0972
027350c8-1a4f-4404-b5fe-f80977091f09-1731562127095.jpeg,1.2986
02a4594376f89726595bf7d2303999a9.jpg,1.3565
02c07fb6-b160-43b6-8cf2-c8159c1ce444-1731570952461.jpeg,1.1041
02d4d467-bbdc-4daa-a70a-79a4f9ac2532-1731668007347.jpeg,1.3014
0304fc9e-7950-456c-a22f-98874f4fb510-1731737577974.jpeg,1.6091
032f2f6d-41da-44b7-90e5-efa20ce8d636-1731654345263.jpeg,1.0495
0353c68e-e968-46e0-91fb-ac62eb61d057-1731575530993.jpeg,1.3065
036fd96c-9354-440f-9d6e-70cb2947fae4-1731648493658.jpeg,1.5711
037c1213-2321-491c-8f88-5d5ded2a6d54-1731652568339.jpeg,1.0477
03dd2651-23de-42a2-a68c-e2ddb3bd8561-1731655463766.jpeg,1.2983
0401ea10-58e3-442d-bb1b-9db788d117a7-1731733057930.jpeg,0.9914
04960896-1dd0-4733-a368-646012c9b308-1731409342758.jpeg,1.3594
04a7634e-b359-4373-8aa7-79ebe99ff1ad-1731661089537.jpeg,3.2733
04d179bd-5c1d-4665-907b-f808b6f40e3f-1731569181348.jpeg,1.373
04f1c7bc-7046-483c-b835-3000e726df84-1731582009815.jpeg,1.0689
052bfb1d-afff-4e98-a4ba-17b053cf1c01-1731652354905.jpeg,1.135
0579f89e-caf6-4315-b4ad-8e6457927096-1731758219107.jpeg,1.6208
05c1714b-a9c7-4c10-92af-4b69ec7446d2-1731745057277.jpeg,1.8304
0676f8ee-19ed-4a87-8b6a-e8a61d26ef77-1731563252855.jpeg,1.7092
06cc7c5a-e23d-4437-8fef-85349c5d0012-1731649259816.jpeg,0.7588
07233787-4426-4fa8-b1ce-81dabd1907f1-1731568540917.jpeg,0.8349
07b11492-b6e1-4ac7-8b96-6b6acc03dbda-1731658597528.jpeg,1.9376
07c03e37-f15f-4b46-bdf8-68e2b24f93c2-1731576643980.jpeg,1.1826
07d3c841-3c75-4a3c-ab8a-5a3b4af6ed28-1731576967009.jpeg,0.6095
0823061c-b42c-464e-b391-1935bd84c2d3-1731567127728.jpeg,1.1098
08dfacd0-6ff0-4abe-bf76-eec8565eca89-1731650545394.jpeg,0.8222
090de9ae-4355-48b7-8f57-9da8a3983701-1731568775099.jpeg,1.2341
0952dc57-1ce5-42f7-b68c-3c62e5786698-1731659757170.jpeg,1.2257
09551b75-7d83-492f-ba7d-d8c51dbf0916-1731656196821.jpeg,0.9684
096c695b-4653-491f-948f-85cdff90a0e0-1731660935907.jpeg,1.3798
096e40aa-f243-46e4-8642-436ee39d4a80-1731664315473.jpeg,0.8907
09727c80-94af-4288-813b-f7773c02b85f-1731739970134.jpeg,1.2128
09893f8a-0bdb-444b-9fd3-345e92146f80-1731740050354.jpeg,0.8819
09947fe6-f750-4e86-a3e7-5f3ce146ceff-1731663641225.jpeg,2.1347
09bf6ede-8eae-47b8-a7da-848ede35bd7a-1731649552569.jpeg,2.351
09e3501c-96e4-477e-94b1-b7b3969bda72-1731650869355.jpeg,1.2767
0a39f308-c4ee-48ad-8142-e404640a5613-1731490213755.jpeg,1.7531
0a5c6fa0-47d7-4ceb-b7e9-2033139165d1-1731569206024.jpeg,1.0644
0a81b37f-c2ab-4005-94a6-5a039de8bdcf-1731739815894.jpeg,1.1875
0a996207-d812-4e69-b90d-11d397f9585b-1731750538736.jpeg,1.4199
0aac7c69-4ddb-4319-a673-3f366672eb74-1731654312380.jpeg,1.0618
0ae1b3dd-4da4-4313-bc79-2f1ac3206c9e.JPG,1.0351
0afd745b-5cef-4196-a23d-45950ec6a16e-1731585943797.jpeg,1.3507
0b7bfe93-7b65-407d-ad6b-77ac0d7dbd44-1731747999303.jpeg,1.3381
0bdba3fb-066b-46e1-82c6-83a658871cd6-1731584108342.jpeg,1.3789
0be202f8-c47f-4c27-93c0-b21bee4357d8-1731654257480.jpeg,1.1518
0c7fb01d-01b5-4486-94c3-852832107a8a-1731741620994.jpeg,1.6099
0ca6fbc1-c2c7-489c-9cdb-59beda489e9b-1731753809764.jpeg,1.0702
0cc35084-5ad3-466f-b810-f62834034183-1731571930483.jpeg,1.7922
0ccdbbdf-3774-4738-b10a-cef848b33610-1731564027325.jpeg,1.965
0d2993c5-31be-405f-bd94-dd4e733db4d8.JPG,1.2342
0d46864e-5986-4ca6-b77c-4c670d8054b9-1731740382342.jpeg,1.4613
0d4d5280-a1f4-4b33-8123-9ed60bc98448-1731650052831.jpeg,1.0822
0d86e342-5aea-4e78-be9f-e670234cb83e-1731480851325.jpeg,2.1111
0da849e3-96af-42fd-bfc0-51ab9c8e991b-1731648514637.jpeg,3.1571
0deace12-d7b6-48ed-b161-680810310d50-1731731233933.jpeg,1.9967
0df229c9-fe43-4bdc-9925-d0178b1b3bce-1731574475471.jpeg,1.0886
0e4ec67d-a4d6-46c2-ac32-a7beee487076-1731736576203.jpeg,1.6335
0e74ff1a-8391-4e04-bea4-9c8c06c0bb2d-1731476330253.jpeg,1.5157
0ea34498-7f94-4e8e-979b-76554a055e4f-1731660036235.jpeg,1.3005
0effebdf-ca37-40e2-adf9-b52d59454273-1731569067885.jpeg,1.4099
0f0133a3-cd89-42ac-9a0e-7538a57bba09-1731579191171.jpeg,1.747
0f526c11-3662-4810-9490-f525d26a4787-1731563980494.jpeg,1.0038
0f57dde0-dc3c-4823-85b3-bf7ade9daf0e-1731742519224.jpeg,1.2479
0f86a11d-2633-40c5-b4bc-41760adc309b-1731572014571.jpeg,1.002
0fafd29e-3fe2-457b-8a7d-0fc3a49305b9-1731738760603.jpeg,1.1596
0fc826ef-4cab-4ec2-9a01-eb72a91121f8-1731735496555.jpeg,1.4315
0fd1febd-db0f-434f-92d8-b7d12bedba92-1731562079234.jpeg,1.1803
0fd3737e-2b5f-4747-a350-64167317765f-1731659701098.jpeg,1.1671
0ff8d2df-372a-4067-ae2c-87055f3a2fa2-1731738974785.jpeg,0.9509
1000053313.jpg,1.159
100300c7-e2c6-4b10-aa0f-d8c6974d66df-1731389804451.jpeg,0.8775
1005-4.jpg,0.8754
1055-85.jpg,1.3536
1055-90.jpg,1.3969
106946470-1632414937185-gettyimages-74910090-dw060511069.jpeg,1.1285
108a7d8a-5d96-4d8a-9f15-56a6508512fa-1731748170047.jpeg,1.4374
10dbcd37-3516-4b9b-8584-bc04be637ba2-1731647170416.jpeg,1.0393
10e1105c-c125-49f8-8ec7-0a3798754f76-1731737690077.jpeg,1.1479
1101556b-db53-412f-9b2a-3e1317ff348d-1731653791177.jpeg,1.1524
111f7e61-bf74-411d-9d60-5ec0c03c5dd3-1731669586244.jpeg,1.2813
111f82c4-aaf6-4502-af56-9eb4d71f5282-1731651587092.jpeg,1.3736
1121-1.jpg,1.5369
112e7bdf-6448-4467-b876-9871707f8e1c-1731579952116.jpeg,1.3872
115f7340-12c6-4547-a363-5aebc8bc00b2-1731650362827.jpeg,1.04
11a7e312-fa4d-48da-80c0-1e2bab4bd6e9-1731573910255.jpeg,1.3409
11e83edf-e5b0-452f-90bd-4cd1fe973327-1731570735659.jpeg,1.1172
121fc82a-3c98-4c7d-8011-454687ddca2b-1731571528384.jpeg,3.3434
1237824a-a69c-4020-a308-670d636b4875-1731659553788.jpeg,2.9618
126e748d-9c6e-4d09-92b1-0adc56d5d514-1731657887685.jpeg,1.6159
12ad84a5-562b-4ab4-8054-6c13064d5166-1731658459666.jpeg,1.1836
12b8631c-9de9-4352-9754-78f4f1150aaa-1731569752951.jpeg,1.5752
1346a36c-842d-44d1-a710-c051b7388c3c-1731573722940.jpeg,1.2824
13637ec9-3366-4010-9a90-efe0cae7b457-1731658114345.jpeg,1.2621
13da8f88-147d-4800-8e8f-ad36996bb9f5-1731573601689.jpeg,1.3911
13f66c36-689c-419d-b9bd-4cf55232815c-1731746571541.jpeg,1.3522
14735c63-cd1d-4236-a25a-02f3a1a6af6e-1731573573276.jpeg,1.5228
149a41d5-166a-46e1-a6b6-6c15457c23c5-1731757264220.jpeg,0.9458
149bc9d6-e1c3-46ca-ade5-27cd20f6c61b-1731651723817.jpeg,1.9256
14b554cc-2b40-489a-a7e5-da6a0b086a7b-1731654079803.jpeg,1.3394
14edcafa-dad7-4b75-abb2-1f169a6255ce-1731651705071.jpeg,1.0802
152ad717-12cf-428d-b0e2-49237e870bc4-1731741646328.jpeg,1.3722
15527f8c-9e4b-4616-a109-3bf0408255df-1731657215450.jpeg,1.7516
156f3a37-a437-44c8-af94-341f36a85ac6-1731658178556.jpeg,1.3038
1574a8b9-20be-4ec8-8f22-31f1097447c9-1731748944063.jpeg,1.5049
15c2299e-1430-4c77-9ded-f03e834baaf1-1731652532933.jpeg,2.6325
162bde88-d3be-4755-8981-39bfef13659b-1731649761165.jpeg,3.2936
1632de13-78bf-4486-af38-a566feb6ef8c-1731737770488.jpeg,1.7987
163e2d03-3cb9-4b4a-9991-9a14c72bc7f3-1731741477059.jpeg,0.9941
1656151f-3bad-4f95-b520-a869e9a54393-1731741570358.jpeg,0.7909
1662703260529.jpeg,2.2774
167f6cad-00da-43f2-8e03-4d758c65d760-1731571719431.jpeg,2.0878
168349c6-b672-4753-b991-b838c5c263e3-1731743882694.jpeg,1.6948
168e6664-e372-4be4-84eb-a69c33e2403b-1731647740035.jpeg,1.5869
1722de27-b7db-4b28-9e07-f89e999481d6-1731565489528.jpeg,2.3265
1728306526294.jpg,1.4363
172be66d-7771-4070-adcb-2a2db58f88ad-1731734551070.jpeg,1.6807
17a000d5-b201-43d5-8911-3ff3cf1e5bc5-1731651365956.jpeg,1.583
17b4ee49-8d0b-4b0b-ab2b-8b6e3221e3cb-1731749402096.jpeg,1.7465
17ca7d1e-980a-4f0d-8fc5-7f05f4227889-1731573493005.jpeg,1.9825
17dfd32b-3501-4835-b64f-d4c0c8713533-1731741749045.jpeg,1.1431
18022688-16eb-4611-a7e6-854c7014c301-1731657350029.jpeg,2.5394
1833d358-c024-41a0-9270-43733aadaf59-1731739192851.jpeg,2.7229
18429411-2c07-4faf-bab2-210cc0623a74-1731578715518.jpeg,1.6135
184a0e83-841e-4975-a67c-29cc82ae7e33-1731737278981.jpeg,5.6532
186699d9-33b9-490e-ba66-04d1497adf7c-1731742818419.jpeg,1.6088
18993904-fc3b-4e29-b0fe-2667688428a1-1731741289517.jpeg,2.038
18fb24f6-7fae-42af-b160-87d6d568db42-1731657406339.jpeg,2.059
191756d3-3698-40de-a942-8390adcc3851-1731646809948.jpeg,2.5311
197175c5-e7fc-4a75-aa9f-3f1bd23e13e4-1731748870777.jpeg,2.809
19a7f050-de34-4d94-a986-ec2f69029f87-1731748423476.jpeg,2.318
19aca3ce-5f55-48e8-86fd-8ed48b16a04f-1731733340146.jpeg,2.4943
19e585da-0bee-4d3d-8b0f-4e7b61237ba2-1731742559864.jpeg,2.8212
19e6379d-cfee-4e5e-b879-3dc7a729b276-1731654673812.jpeg,2.8549
1a09428f-1336-4f46-a532-e75899b9420c-1731648845095.jpeg,2.9176
1a0be3dc-0a1f-4348-9e62-387b2077e746-1731577992261.jpeg,0.5585
1a663e41-6d6a-4017-834a-54d179621ad0-1731740551227.jpeg,3.2521
1aab4141-a7db-432f-bab2-ed55c986e6a7-1731737768155.jpeg,5.6456
1ab66015-9167-4e3d-9f10-306381551069-1731738571113.jpeg,1.2782
1ad07af2-2653-4d2b-ad17-65c9352a6206-1731742100443.jpeg,1.7985
1af2a191-d3a5-4aa7-9ad2-f5bfe91b5f87-1731666575162.jpeg,2.0865
1b0e994a-0530-41a5-9171-269c6a9866c5-1731578967362.jpeg,2.4395
1b8d155e-1c97-4125-8ddf-9ba99ad97ac0-1731661960840.jpeg,1.6794
1bae0a59-96d1-4aa4-95b9-1f2468913d55-1731737798927.jpeg,1.849
1bbc4c7f-713c-408b-9a9d-b171a5b2413d-1731745781358.jpeg,1.8814
1bc0514b-8c17-4d44-8f9c-71feb71bc82f-1731741137864.jpeg,1.7908
1bc932f2-a1c7-4bbb-8d9d-6c0e0c2498e9-1731737506286.jpeg,2.2427
1bd7d209-05c2-4361-a260-f241deebbe21-1731654852986.jpeg,3.5991
1bdb6d0c-ae5b-4687-a9e5-a5848e3e7ee9-1731762199322.jpeg,1.5588
1c2f447f-4742-4967-a6d5-faebc77a54b1-1731657579511.jpeg,1.3419
1c787ebb-f133-433f-859e-bffad120e299-1731742864883.jpeg,2.1791
1ca77403-d9a6-4c2e-be42-d8e6a838deba-1731744044895.jpeg,2.3037
1cdffb1b-b478-4726-8240-f26c3e713cae-1731746707214.jpeg,4.0414
1ce8671c-4d05-48a4-be10-56aafb490e5b-1731733058850.jpeg,2.3138
1ceecc10-4de4-4b3d-a68c-68f8d07b2f36-1731665959736.jpeg,2.4342
1d6adfed-5cc9-490e-8c5c-2b495e7ef93a-1731565465606.jpeg,2.8282
1d6c7900-32ef-4cfe-9df3-ebd21dbcfd05-1731654557989.jpeg,2.7723
1d9f5db6-4052-4926-a88d-8b7846cd4da1-1731735698842.jpeg,2.1144
1dd23c50-33c0-4842-a181-1d3f39343785-1731653325182.jpeg,3.4295
1def0e8e-35a5-4d08-9dd5-94eea241aa92-1731742535279.jpeg,2.8941
1df6cb72-f930-40b3-85c4-5333df5c25d7-1731653432318.jpeg,1.7349
1e25bde7-0274-4fd5-9be9-0e40e31e4bd7-1731561537741.jpeg,1.1446
1e577d10-0dd1-4f6c-819a-2402bac54838-1731650316267.jpeg,2.5314
1eaaf09b-3e43-4791-9800-e0a7a3f12f76-1731658827097.jpeg,1.4469
1effd81a-e6e1-4fb5-aea3-3d386eafd993-1731748131489.jpeg,1.7755
1f522441-e26b-4235-af4f-c403fe3e4ac3-1731746207314.jpeg,1.9205
1f5e562e-3d59-4765-bcff-0a323669aeb9-1731746938887.jpeg,1.4022
1f808fa0-0dff-4056-9c00-9c8b42eb121b-1731656707629.jpeg,1.675
1f8dd24f-940a-4d92-8253-fc609a6812ee-1731569853116.jpeg,3.8232
1fa8e2ed-ce78-4162-a2cc-cd750cee7348-1731562911278.jpeg,4.8623
1_page-0007.jpg,1.5431
1_tOd3eu4j0QRbnw-djvcaog.jpg,1.7159
2005caa9-6c63-43ef-ad0a-19ac8f1511ea-1731568960065.jpeg,0.9404
2024-5-_jpeg.rf.36d3c578f686963a5badd369979346af.jpg,1.5653
20240621_212856.jpg,1.9624
2025-01-09051155681767411496idwfdU_IwfC_weefweffew.jpg,1.5439
2025-01-09051321473238211898idwfdU_IwfC_weefweffew.jpg,1.3102
2025-01-09051351164096125997idwfdU_IwfC_weefweffew.jpg,1.8628
2025-01-14234425177856116689idscvscvU_IsvsfvC_vsfsf.jpg,1.7784
2025-01-19041212072327104988idsvU_IsvffC_sfv.jpg,1.7416
2025-01-19041345141264841505idsvU_IsvffC_sfv.jpg,1.0556
2025-01-21210900820316334359iddcvdU_IsfvC_svs.jpg,1.3233
20250211_204814.jpg,1.7995
20250211_204818.jpg,2.1248
20250211_204822.jpg,1.8292
20250211_204826.jpg,1.1471
2052879b-2b33-42f5-ae1a-2ecceb958dda-1731740367333.jpeg,1.9319
20692da4-0154-4f96-8aff-149af4e1bcd0-1731572134794.jpeg,3.2585
20735b41-0c58-486b-9470-a06de8920e8d-1731742405979.jpeg,1.9051
20983037-6bbe-41a9-a1c9-adf2ca328603-1731560582196.jpeg,0.8086
209eb12e-2756-4d3b-a890-17017db1b0dd-1731655507698.jpeg,0.7458
21.05.2023_18.43.00_REC.png,1.8264
21.05.2023_18.43.42_REC.png,1.0113
21.05.2023_18.44.34_REC.png,1.4122
22698dd0-eb29-4079-8489-a20fb8f76ec1-1731571837493.jpeg,1.9288
2545fcb8-5184-47e6-a22d-4ee093a380d1-1731732640683.jpeg,1.054
2594a3db-1def-4a71-a708-463fe8aee03e-1731750742629.jpeg,0.8875
25d005bd-59e2-4098-b9d5-f95aa7a92754-1731657787714.jpeg,1.191
25e38f7b-2ea2-4fe2-959f-1f1d031e5475-1731660915773.jpeg,1.3351
260d1dbe-3036-4305-8f05-7034aade339b-1731567172059.jpeg,1.4451
2651e1310ddbdbeeb9bab39b858c5d8a.NYC-Construction-Worker.jpg,1.2492
26aa7866-e22b-41bf-ab91-260a75a99f11-1731579560138.jpeg,1.7686
27c72207-d083-41fc-8a54-29bc838bb50e-1731507961361.jpeg,0.924
28281bc2-91d7-41b7-ab78-8e698fe785c4-1731658285138.jpeg,1.4075
2898286f-8707-46d8-8a80-52b742efcc7f-1731734911966.jpeg,0.989
289fb658-b349-49aa-8cd4-7a362ffed00f-1731657366644.jpeg,1.2135
28b676d6-ae03-4834-9171-27e095f82b2e-1731571971648.jpeg,1.6033
2977a6ee-8c06-4313-aeb6-026a7a3cc45d-1731657800097.jpeg,1.4487
2981ac18-562d-480a-8094-f23daf7c5064-1731728238740.jpeg,1.6563
29c7655f-1903-49ad-894c-bda38de5387b-1731744555201.jpeg,1.09
29f31d91-e073-4798-ad6b-c224c693aa79-1731661514692.jpeg,1.6141
2a9d7b29-9252-42c3-bca0-6ffce5e0c06d-1731667437337.jpeg,2.2536
2cb831ff-3262-48e1-bf28-a2c40f000e59-1731663376365.jpeg,2.1405
2d4fadae-29e7-44e8-846e-48c6b0d7583f-1731664288443.jpeg,1.3405
2d8f90fc-9769-4ad5-9b0b-a2a0d2f2e72a-1731749090330.jpeg,1.4498
2f13d6bc-fd47-45f1-80e9-33492d24fd8c-1731754653993.jpeg,1.2504
2f531c9c-8bf0-4ac4-85d6-0fbaa65b6206-1731571943290.jpeg,1.9277
2fda6520-a3eb-4050-988a-7328e8da60f3-1731651702903.jpeg,2.0539
30a41156-cbc5-4e73-b1c4-9471622764ac-1731727820161.jpeg,1.0014
3199c0ea-c877-4a31-9ff8-853a5eb6f6dd-1731573302734.jpeg,1.5296
341299ab-845b-4e4b-8858-9eae930e1e56-1731745239289.jpeg,1.2422
3454ee0f-bea8-4d30-af26-efe9f2b17114-1731664784632.jpeg,1.377
34befa8a-3d1f-4f26-b503-b9cef8e6b52d-1731743265369.jpeg,0.8928
3579ecc1-eea6-4ad1-90b2-1622cf4a3e1c-1731652524232.jpeg,1.2848
3585f12f-1beb-42f6-b968-bac84005bc84-1731741037630.jpeg,1.6222
35e43c08-b15d-42be-802a-5db70e9aa872-1731671301375.jpeg,1.0779
361d74bd-7055-4d1b-a2c3-9bdeaca80820-1731572586809.jpeg,1.3046
364dc661-feb6-4cd6-83e6-bee62771d8e9-1731575233272.jpeg,1.1677
3714d642-cf10-40d7-9681-1bee3766fafc-1731561557697.jpeg,0.8798
3866db0f-eb09-4ce1-add4-a758699bb549-1731748698072.jpeg,0.8003
39077581-edee-4f4d-8de2-461398e628ad-1731670383815.jpeg,0.9323
3ab9fe9f-6407-49b9-b509-09023d3dfd52-1731669262722.jpeg,0.9816
3ac64525-6ff5-4a84-9f2d-442613619f95-1731654554892.jpeg,1.0253
3b1711fd-85b3-4376-86c4-0d92328a41ef.jpg,1.6794
3b284442-5eb7-4db7-a0c7-a26f00b2249e-1731750115843.jpeg,1.2071
3b2ad24b-12ab-4f9c-9bda-cd471395faf0-1731739544983.jpeg,1.6826
3b3942b6-63f6-4106-a6dd-2c551f47ecc8-1731744590618.jpeg,1.329
3b44c429-f475-48b1-af29-73d6f57b6349-1731749274713.jpeg,3.1794
3b67a299-f3f9-42dd-b81d-9e218e2c8ca0-1731574233187.jpeg,1.7125
3bdeed3b-5f4a-4191-bc1d-af7ef1604ff2-1731765096265.jpeg,1.683
3c0183e7-6b6f-4c75-8018-159bad050a45-1731573257652.jpeg,1.7417
3de02f58-962e-4ba5-bcb6-dfb058e4c564-1731725430938.jpeg,1.6667
3e7fb10c-62cd-4b94-98d1-372c1e527269-1731769156882.jpeg,1.3223
3ea4f6fa-599a-458e-ae91-07bb4d181b04-1731748344194.jpeg,1.629
3ea52f85-dcec-4825-9029-3e0f0278512f-1731580121568.jpeg,1.0285
3f69a83d-536c-4499-be30-42835cec30b9-1731734934788.jpeg,1.8514
3fac8017-47db-4b93-8829-4a0713acd28b-1731746875822.jpeg,1.1538
3fcabeb4-15dd-4da2-95df-d55f24ba219f-1731573694630.jpeg,1.7185
413bafb9-bdf1-4c26-919a-ff4e1bf8a164-1731660169844.jpeg,1.384
41bb8654-bdfa-40f4-85c5-88235c62d21a-1731652694648.jpeg,1.6677
431991fb-555d-4b24-8539-834873295c25.jpg,0.8023
4354c765-3053-4383-8cac-971503c03d3c-1731743543480.jpeg,1.5009
4412aa17-8a28-4684-b885-817d8019c760-1731742953322.jpeg,1.266
449aa720-1479-4137-8c9b-814b172e8483-1731564322711.jpeg,1.0757
4547a996-9865-4ff8-81fb-a90ec2a947fa-1731665653911.jpeg,1.2078
4557cbed-0792-4e9b-98d5-05f896288be2-1731666164433.jpeg,1.3773
456rtfe4ety32tyeee.jpg,1.2349
45d513e7-5f69-4d37-b74c-f80fabd2f2c6-1731662743634.jpeg,3.2569
463e5bd5-57c9-49da-aea2-cc85e8f295f5-1731672617178.jpeg,2.3646
46872f6f-1ab5-46c0-98da-078fb0546d43-1731661808907.jpeg,1.3983
46917486-55fe-43c9-8e5c-7569452f0ab9-1731566438746.jpeg,1.1698
46a6762c-e6c1-4bf7-9d46-b5cdb187dbb8-1731734960065.jpeg,1.2864
47c4f673-c81f-4f5f-a07e-e234e427d9e8-1731729266982.jpeg,1.1113
47c66d42-4f8f-403c-a7cd-435fe8657bef-1731657666358.jpeg,1.348
47d70f21-8748-44cf-bfb1-47e05b19451a-1731667564239.jpeg,1.2646
47ef1115-d70f-4560-870f-f366ebd54cad-1731581989463.jpeg,1.3383
47f98ba7-7a7e-4bf7-90f6-13bd8e0bdd70-1731574310300.jpeg,0.9732
482bb16e-e336-4765-bc0b-da47753ac70c-1731395827061.jpeg,1.2612
48949e94-3a6c-4bb0-88d4-9daf99c0a69e-1731648052372.jpeg,1.0191
48b058e2-8a85-4b4d-a172-30fa479db2b1-1731739588226.jpeg,1.0815
4943d20d-dab3-45f0-a168-12f4f33bd82d-1731666211908.jpeg,1.4449
49688783-300c-4ef3-8afb-e8cb1265a208-1731561619211.jpeg,1.4111
49d9c27e-dc41-4880-8c92-2f193df5fc64-1731652819300.jpeg,1.819
4a5a5d68-f4db-4a73-aaa2-70ab85af6ccc-1731561811861.jpeg,1.5213
4a5e1240-9b4c-4031-9273-f3152aaa5545-1731757974851.jpeg,1.3844
4ae97001-8670-4eed-947d-214ca6dbbc49-1731653543250.jpeg,1.9459
4aeacaa6-5660-4cc6-985a-aa29f267c05a-1731598974052.jpeg,2.4972
4b86474e-d31d-4cd7-8e60-aece77703906-1731575836463.jpeg,2.4245
4bc149b4-58f0-497e-bd72-2c42fc7eaf73-1731737663057.jpeg,1.1983
4c24a788-b33c-4cc2-acd2-1d8e58236dd4-1731563223687.jpeg,1.5107
4cfa5cb4-7cf1-4a81-a187-e703b9558a28-1731764531439.jpeg,1.8019
4df15931-7280-407e-bcb0-a0e3a242d8fe-1731755473005.jpeg,1.3899
4e530c35-80ff-4878-972f-c339574671ff-1731572538331.jpeg,1.5561
4e718fb3-5353-4777-a8be-67b85f79c01b-1731749471322.jpeg,1.5629
4e841ff0-2f55-4915-8180-c911e290a56b-1731737432613.jpeg,1.4878
4e9557ba-4f47-447c-8de6-d6e3f153afe8-1731749001524.jpeg,1.2813
4efdba6b-4802-499b-a4f1-96410537b7d2-1731668846520.jpeg,1.5107
4f4563e6-35ca-45de-bf31-22ee457f3caa-1731576998283.jpeg,1.5794
4fcca1f2-511c-4c2a-a4d6-8d06c59197c7-1731656009334.jpeg,1.5164
5017b51a-6e97-4f33-a292-6a20e8ee9b89-1731578574047.jpeg,1.3148
5051d976-2a2f-4324-8615-06f605e1c321-1731772528557.jpeg,1.9489
5086e930-cb84-49b1-9f59-f1565399fbba-1731648661592.jpeg,1.4942
50e6de3d-c24b-408a-a68e-9b0a9e2cf0e1-1731469910902.jpeg,1.219
525a90b3-8490-4190-ba0a-cc363c04f3b7-1731759900649.jpeg,1.4018
5351a49c-d767-4e72-8a84-a858f7ab0649-1731569727874.jpeg,1.8812
53d9e2b8-c08b-4653-a63a-2c3a894ba0cb-1731731231179.jpeg,3.4478
54d8d53f-b0f8-4281-bae3-432a7bb3a184-1731648842251.jpeg,1.486
555be2bf-14bc-4d9d-9033-cb897d6e7002-1731768559968.jpeg,1.4371
55c0e834-6c7f-4862-a4f3-dd0878058337-1731742100296.jpeg,1.7644
55d253e2-02ad-4cd3-8a39-7b10615db0b7-1731569161760.jpeg,1.5974
55fa8670-19fe-45f0-9a56-4e31e2662508-1731572308913.jpeg,1.5551
5719082d-77f2-4767-aa39-5c66af271a67-1731660363882.jpeg,0.9417
571c090b-f240-4630-a62d-976108a5ae39-1731733522465.jpeg,1.0226
57370964-d1a0-4f91-b3f3-131013b48a81-1731737211274.jpeg,1.724
57575de1-7d85-4ad6-97ed-191dc1ed5f42-1731671046887.jpeg,2.5996
575842-kumar-amitesh-051717 (1).jpg,1.7467
575842-kumar-amitesh-051717.jpg,2.4737
57bf5d9e-4e09-46f1-b471-41ba77a92248-1731737134653.jpeg,2.1979
57eea184-c52e-4d4c-9c36-2dc3427fb84b-1731739978966.jpeg,1.6015
5818bbf5-a947-47f4-b71a-b8c623b941a9-1731739178660.jpeg,3.9881
583a83da-c8e0-44b1-a06c-2b69dfdbda9f-1731499242811.jpeg,2.2053
584e5642-d359-4196-8296-126e249c3ac7-1731668523885.jpeg,2.7554
587b5385-1bd4-4dba-8107-dbfd59b5c8dc-1731586628351.jpeg,2.509
58f313cf-903e-48a2-b113-f4f9825bef1e.JPG,2.0119
5999b04f-c31f-4c9a-a625-b6a8ca13c99b-1731662377627.jpeg,1.6125
59bbb4f4-8c31-4fc4-9b82-4cd8b631b6c2-1731734872506.jpeg,2.2471
59e16f93-8ac3-47e7-9c52-f38f7f5c6f96-1731652235179.jpeg,2.6788
5a4168e4-7153-4e5a-9305-b52adb920fc0-1731651681347.jpeg,1.8446
5aee3c30-3cf6-4484-b644-c8d1e3fd6f92-1731665530660.jpeg,1.7328
5b8720fc-bff1-4b36-b8aa-2e696b88f547-1731664631767.jpeg,4.8361
5bc847bf-1b24-43bb-b72e-2259f07fc99b-1731669810949.jpeg,3.2818
5bd35ed8-0f84-4e96-a784-a4ba0ae10acd-1731657137195.jpeg,2.3281
5c575d25-8344-4ea5-b7c0-ad8b94df5acd-1731667713716.jpeg,1.7028
5c9ec47e-146b-4cb2-83b5-c581822a0535-1731739071978.jpeg,1.7922
5ccc1e6c-c922-41cc-a301-bed49f852cdb-1731569871783.jpeg,1.9527
5ce08ed2-42b0-4040-98c0-0fba7cb56bb9.jpg,1.7883
5cf449c5-0326-4a9e-bf32-92d37e490e4e-1731672894821.jpeg,2.6849
5d2c46fe-4d24-41a0-9e94-2bbb80fb415b-1731565185900.jpeg,1.5011
5d60fe24-79f8-4f1a-8b7e-51ec8d9bba7c-1731667898607.jpeg,0.7551
5db0d7b0-4d8e-4758-a416-3b499d5bd009-1731751151377.jpeg,1.6945
5dc2dcf6-302a-461d-931c-d9a307ef693d-1731677307895.jpeg,2.0601
5e2ecc50-9c7b-48a0-b818-0450e2dafe8f-1731578075428.jpeg,1.1529
5e8d3e2c-3b8f-4889-8b58-acf52e8c7bea-1731598298165.jpeg,1.7231
5f746c31-0b2e-46ef-a09b-4ba84ea9ff79-1731749235300.jpeg,3.6046
604669d3-a905-4616-96fd-d28a958ae271-1731740909843.jpeg,3.4357
60e1dc24-2af7-464e-99e5-3f3a12c3c6d9-1731743790081.jpeg,3.031
61a63812-ab19-4b61-a4e7-3cf1c2890418-1731588298027.jpeg,1.9884
62be0241-27b4-4908-9bbe-750f168ce951-1731666159503.jpeg,3.6151
62cd512f-a5d3-49d0-9e11-1e6e21a8b09f-1731736420399.jpeg,2.3329
62d45272-0d31-427e-a689-b7853fbdb83f.jpg,1.9285
63004ccd-4494-42c9-9c2c-318ec29c0855-1731748724274.jpeg,2.9654
63879140-4b39-4513-9cfd-72791d276332-1731728860407.jpeg,1.7303
639e7a7e-f596-4ea4-83e4-75360b313964-1731670426384.jpeg,1.8723
64099170-a857-45eb-b722-46a407ae1695-1731650670136.jpeg,2.2554
644bb33c-5e88-4e07-b3a3-e5ac749ac1b8-1731743629358.jpeg,2.3772
64ab555c-fc63-4584-973c-85938476e775-1731739449037.jpeg,3.1235
64ec6502-6437-4451-aea0-3a076c8efe46-1731729129806.jpeg,6.1473
657ac114-57dc-4649-bf78-02ea646cfc0f-1731655298196.jpeg,2.5465
65c34920-674d-4a61-babb-97ee4db1f2df-1731691069210.jpeg,3.9604
65d184b4-8e51-49ba-9274-b967b0dbe21a-1731403810541.jpeg,2.0744
6611f1b2-97e0-42a9-b483-b375d14367f8-1731667635950.jpeg,2.3329
66740564-0c13-4738-a6cc-eb90a63a2ca8-1731579821937.jpeg,2.1684
6678_1731670434217.jpg,2.3482
668d4a78-3a82-4800-9800-fea64387e747-1731738079330.jpeg,2.5489
66e7c060-b363-41c3-841e-ed86430e5b9b-1731565549783.jpeg,2.3386
66ed1eaa-b37f-4fa9-b266-59baa6f9f2c5-1731654812821.jpeg,2.3842
67202351-8cd0-40e6-83b5-7f06acc7cfe9-1731742541791.jpeg,1.9866
675f99fdad3f12eff39f27cba1f53368.jpg,1.3937
68473dab-e1df-45a8-818b-46e27c72c306-1731735623341.jpeg,1.9735
68e525e0-86aa-4226-ad43-82204da72e03-1731675924628.jpeg,1.4845
699949de-4bc5-431e-8189-370a67fa3893-1731752133924.jpeg,4.3293
69dd3344-86d1-4f33-92e2-823cd7a5a587-1731656723181.jpeg,3.1411
69fdcb89-baa7-49e9-9ec0-ecee722d1fff-1731669348390.jpeg,1.1531
6a3c35e7-a24e-4482-907b-e3e4f8d141c2-1731568538126.jpeg,2.3786
6bc577c1-9a94-4ef8-ac13-91dec952bc1c-1731575517532.jpeg,1.8883
6c271207-7838-4799-99bc-5c8c9576d7bc-1731737524355.jpeg,1.548
6c5e9ed4-a0df-4ede-ae94-aa1f65d2c469-1731738828872.jpeg,1.19
6ceb6bfe-9f6f-4a00-af03-b7777002b74d-1731666065684.jpeg,1.9679
6cf0a9fa-d342-4d09-aa3c-f1dad64c602d-1731743437463.jpeg,1.3637
6d00e9cf-3c4f-4147-8c60-083900f220aa-1731651274796.jpeg,1.3761
6d0af5b7-acd7-4099-a8ee-e67a682f181e-1731566636810.jpeg,1.7487
6d5eb643-c611-4fed-b8e2-ce96ded5d3c8-1731656120220.jpeg,1.4304
6d771fab-2ca7-429b-b6ab-999c8aba0af9-1731741738794.jpeg,1.6753
6dc88792-056d-4375-a424-97bbdc385ffc-1731752117604.jpeg,1.8818
6e19696e-82e1-4f23-bb13-0a68e6897c3a-1731657874827.jpeg,1.5779
6e51b836-014d-4aae-a549-ddb67fe3f305-1731743433741.jpeg,1.706
6ebf6464-7f29-4e4e-91b6-d592269196a6-1731661706028.jpeg,1.7264
6f42b682-583b-4353-a01a-161fd93a2807-1731576160836.jpeg,1.7516
6f924c95-4130-4f62-8694-4596c755677e-1731741618941.jpeg,1.0513
6fb78e5a-158c-43c7-b787-ed43b457ae3a.jpg,0.9067
70202565-1f1d-4582-86bd-f3f471a2bc49-1731662663982.jpeg,1.1725
7076527d-30f8-44fa-8788-26561f30b2d1-1731745683453.jpeg,1.7413
70b50d71-d046-42c6-a399-1a46f95d2a49-1731667926591.jpeg,2.7753
7103c456-5363-4853-b2f3-bfa1ef09e91f-1731574759450.jpeg,1.1842
7128d37c-a817-4126-a54b-71a346eab204-1731748783047.jpeg,1.6313
725f865d-beb7-40cd-bbea-6409d952169f-1731672011462.jpeg,1.5743
73140b56-25a8-4707-8934-9b18ba4a659f-1731763829782.jpeg,1.025
731870ac-90c2-49c0-95ac-280a0cde2b38-1731737489354.jpeg,1.0555
73a34982-0538-4a30-9c65-9f660b4b223d-1731751602835.jpeg,0.8581
73d7cf88-663f-4536-bc4a-811ca9f76e70-1731482369070.jpeg,1.1849
741f68c2-d925-438b-a749-16373a8b44e2.jpg,1.341
7422fb8a-1a0a-4178-9f86-7dd41897fd44-1731572654071.jpeg,1.5186
74682be5-4b37-4c8a-9fda-a5eeae09235f-1731776070135.jpeg,0.7968
78ade8a1-f7c6-4f57-b7df-6424a4b3d275-1731561666270.jpeg,1.6832
78df6cde-ddee-4322-99dc-3ccc22069785-1731655630528.jpeg,1.0522
796f3874-0f24-45e6-976b-4fc8f6d39578-1731566417651.jpeg,1.3064
7d6a56ce-4842-46a8-aff4-b3391db6ae7f-1731746171495.jpeg,0.93
7e0fd6b0-838a-44ef-b755-d05a0b0a3b22-1731646186303.jpeg,1.1073
812ff3f5-9334-407c-ad4a-5b74674f717d-1731734312671.jpeg,1.7412
827180db-2367-4b24-88b2-c3d344f047cf-1731746216776.jpeg,0.9329
82f00e6c-543c-4eb3-8bc6-af7845366c5b-1731656508245.jpeg,1.4986
83a31889-267b-4464-94e1-70bd336faa8a-1731747271679.jpeg,1.2996
83d67886-e10f-4035-bb1b-1486fe4573f5-1731657061514.jpeg,0.6154
84539106-f172-44c5-b061-f6c1697a0a67-1731652145506.jpeg,2.1835
859c2b6d5ed36d8db6755d9601283588.jpg,3.1803
86b45a29-0f77-4e17-bcab-787c6ccf3878-1731650726106.jpeg,1.9111
86e7c92a-7cd6-480b-ac55-8feb1858d9a3-1731659800063.jpeg,1.3757
887cbd3e-4173-4015-8b20-9e879dae8a55-1731655565671.jpeg,1.2872
8b057576-7c4b-4400-9e0d-11355ff478f4-1731744092873.jpeg,1.4935
8b602e88-f41f-479d-8b44-17da877d31d1-1731654830625.jpeg,1.4739
8e993117487a7c51d798bdba95d72564.jpg,1.0622
8ecaa564134b339bf3512600e54100f7.jpg,1.0721
91e6d645-6687-4e77-a71a-d8267fa59d84-1731560718491.jpeg,1.5511
949d8325-44cb-4775-bdea-87086c330ae6-1731660630514.jpeg,1.171
951787b8-e5bd-4276-9414-afbede15c8ed.jpg,0.9701
95760843-e8f8-42f9-a3ba-ef97b183cc1c-1731739626416.jpeg,1.4144
9655b3aa-e578-44ab-8de8-f664b29058c8-1731742490136.jpeg,1.2815
9714c975-3280-44e0-be9d-5a7dd76b239d-1731649624325.jpeg,1.0225
9a486c1b-e213-48e9-8325-bfc2e0d8825b-1731657541861.jpeg,1.0343
9b0577c1-4ae0-449e-8190-a1eb2f1887fb-1731581457455.jpeg,0.9572
9b3629c8-4a84-462d-ad40-fd6af8503a59-1731735334695.jpeg,0.781
9b944326-389e-451c-be9b-844e27ae9b06-1731733380434.jpeg,0.3973
9ccc392b-a1ec-4b5f-85e2-5172b752a9bc-1731396282629.jpeg,2.1748
9de21d8a-70d4-4597-8ea5-735fb30dd919-1731738349169.jpeg,1.0514
9df6f08c-52d8-4713-8a27-2a7120edd778-1731742880918.jpeg,1.7309
9f8c5e3e-9b92-4264-bdf5-5bd4d1872d09-1731737551681.jpeg,1.3003
9f8dcca0-674d-46ad-aeb2-cd495256b2a3-1731657836878.jpeg,3.5488
A bald eagle carved out of wood.jpg,1.2774
a.png,0.9044
a240b23d-0644-4845-bdad-89126fdf39d2-1731651664299.jpeg,0.8685
a29b17e0-0012-4bba-8300-13f2220e2642-1731648398496.jpeg,1.1143
a63c3f94-037c-4744-95c4-6ac2b7174a38-1731658885869.jpeg,1.2527
a7b4adaf-68ac-436c-a075-86258da19abc-1731741293644.jpeg,1.1476
a8d3d6d0-6973-4c08-9064-279caa01acf4-1731738741469.jpeg,1.257
aab36fa5-abb8-4270-b5db-c2da11a55ab8-1731754002776.jpeg,1.9752
aadhaarfront_19 (1).jpg,2.143
aadhaarfront_19.jpg,1.0445
AADHAR.jpg,1.3629
ac8aeafa-1c1a-46b6-8a6b-42a613b5976b-1731571037424.jpeg,1.673
adc.jpg,1.3344
adc71418-20ec-49ee-b11d-41143322140c-1731559909806.jpeg,1.0043
adr1.jpg,1.5603
adrbackezedox.jpeg,1.2003
adrfrontezedox.jpeg,1.2079
adrfrontpremananda.jpeg,1.5388
aecaacfd-7444-4b96-8ade-8158e3956631-1731654511535.jpeg,1.3202
airplane.jpeg,1.7255
Ajith.jpeg,2.6598
ales-krivec-x4Jc4HKEHKg-unsplash.jpg,1.7248
american-hot_png.rf.a785cbb5e8a71980c67f6d5bb742500c.jpg,1.9327
Anwar.jpg,1.6218
assorted-chocolate-bars-displayed-in-grocery-store-aisle-2SEEJ3H.jpg,1.1869
b.png,1.2362
b0fdd59c-1206-4eab-89a7-60c2dc94bb36-1731748589207.jpeg,1.4327
b1ba76fc-a81e-4d79-82ac-b4aaeb6ac2bc-1731753937323.jpeg,1.8014
b315b544-c38d-4298-8938-a60e36ef102c-1731568068889.jpeg,1.1265
b3dae094-c44f-4e99-9db1-2600c7f047f2-1731741807034.jpeg,1.1764
b42d7f38-8188-4e91-bc7a-092da37817d4-1731668589907.jpeg,1.8125
b49c4764-1a41-4b83-a602-f8698cbb3e0f-1731734062565.jpeg,1.096
b4c286e3-9f0f-4a97-bb36-695e97089f6c-1731739989478.jpeg,0.8513
b55faee7-3558-4571-a211-0a56a0519e31-1731568144543.jpeg,0.9529
b57daf71-b474-492d-83a7-1c32abda8ca1-1731735561196.jpeg,1.1734
b64b5933-bb51-4bea-92ee-fe4959d5f9a2-1731734130477.jpeg,1.0883
b7751a7d-740a-4764-af7f-84b5a69194c4-1731571633896.jpeg,1.6977
b79f87bf-1729-4df3-a79e-37b55a50ebce-1731740874657.jpeg,1.484
b808499d-91e6-4744-ad9e-69cbca5d5af0-1731739015113.jpeg,1.3224
b8366c6e-55ee-49e3-97c4-4193d3a40267-1731737549067.jpeg,2.518
b9579d07-c9f4-48b2-8593-888aade8400d-1731651239608.jpeg,2.9705
b9fce0b7-02e5-46d4-8db8-94a4c1e02cd6-1731573272833.jpeg,1.456
ba7ed50f-f92c-427a-ad44-b39f0cc03c09-1731657043250.jpeg,1.891
bab6aa20-87b2-4390-b1a2-9449632d0071-1731652495688.jpeg,1.1572
baf8eb8f-6d07-42c4-8f97-18332511670d-1731571857330.jpeg,1.5177
bc4e0e9b-f380-47da-9c3b-560cb433307d-1731656314234.jpeg,1.2569
bc82fcf9-0961-43a4-b31b-e2d95c3fcfd9-1731750792223.jpeg,1.3464
bd005ebc-6d8b-408e-ad3a-47dda1d64bb4-1731475306367.jpeg,1.6011
Bhar back temp.jpeg,1.4783
Bhargav front temp.jpeg,1.3114
Brad_Pitt_Fury_2014.jpg,1.5534
business-team-working-their-business-project-together-office.jpg,1.3225
B_2024-08-13054556597723339237idwrtU_IwrtC_wrt.jpg,1.559
c.png,1.3453
c0430b93-123d-4b80-82db-f6a2423e26f7-1731654994799.jpeg,1.289
c1b6d558-7016-4132-9c1b-afc6c4e74834-1731655896227.jpeg,1.8303
c2b69cf8-803c-4bdf-92da-1a62e1cc70ee-1731646263583.jpeg,3.2026
c3e097be-27e8-4b06-a619-3f64d7cd421d-1731745107571.jpeg,2.2287
c574093e-4383-4f60-a308-5b1eff11dc72-1731582096079.jpeg,1.6476
c6be6801-2a79-4f1e-b4dd-2bac18368910-1731751462723.jpeg,1.3769
c78919e7-c3e3-464e-8647-b89f65586dcc.jpg,1.537
c8a7dc50-8dc8-4fac-a592-604b3c9f78c0.jpg,1.7722
c926fdba-f03e-4501-9029-a07a6198a266-1731650118792.jpeg,1.2635
c9298f6a-1ad1-49c9-b3c0-84cd854a794d-1731650836356.jpeg,1.0721
ca327c6a-090b-4957-b729-5d98fc2bc48f-1731575461220.jpeg,1.5376
cae370a1-b883-47cb-b3b2-88821322bef5-1731657658996.jpeg,2.0911
cap.jpg,1.1005
carl-heyerdahl-KE0nC8-58MQ-unsplash.jpg,2.9486
cat_and_dogs.jpg,2.6242
cb31e78f-1317-4542-bb0e-cd20b29605e1.jpg,3.3565
ce2c1e43-3a09-421f-870b-319a2b30c5e4-1731739904107.jpeg,4.7199
ce30182a-3a18-49e2-b972-724965d438aa-1731739038125.jpeg,2.5332
cec02d7f-3d05-4f62-b99a-a00bf683a575-1731566050457.jpeg,1.2106
cfd90f3d-6cd2-4ea1-b22f-b2da0e68ffe2-1731562181306.jpeg,1.6569
chatteri.jpg,1.9936
cheques-featured-image.jpeg,2.375
chris_evans.jpg,2.1872
CPDS031185.jpeg.jpg,1.7883
d.png,1.9116
d03c93fc-f68f-4951-ad38-670e6479dafa-1731578470232.jpeg,2.4818
d063d8e3-4d36-4c5e-b3d4-a93324ed98ca-1731649932773.jpeg,2.2219
d267f492-6e43-4f8a-a3c2-e0c38ad3ef9b-1731738178333.jpeg,3.6361
d296da4d-6835-4d6e-9532-9136019abc66-1731741037583.jpeg,1.7455
d48fd49a-8d46-4626-9a13-3c3a96c0621e-1731734487375.jpeg,1.7843
d4a0d06c-ea0b-4b9b-b183-cb66dc4599c7-1731732487573.jpeg,1.8411
d9946cf5-ccb1-4a49-90eb-1993b6ae31eb-1731571515398.jpeg,2.8817
da519b29-4f75-4056-a986-b5c42d363768.jpg,2.3189
David_Schwimmer_as_Ross_Geller.jpg,2.1524
dc58eace-e34d-4748-a2b1-466631715120-1731571100437.jpeg,2.5882
dca (1).jpg,2.924
dcf64d22-a46e-4e64-972a-d7512113aada-1731577528237.jpeg,1.508
dd4d088a-30fa-4ef9-8314-563f38c9f9da-1731745346596.jpeg,1.4175
DSC_0499.JPG,7.6939
e.png,1.949
e000b6747eccf0ffd7d0566faafbaaf0.jpg,0.9216
e287ffc4-50ff-499c-871c-07685e49ee4a-1731745491118.jpeg,1.9031
e34967d1-ea70-434a-a825-b15bd84adb1e-1731569642533.jpeg,2.7225
e389b6c6-5cba-4cce-b0d0-025b3f150cc8-1731730598512.jpeg,1.2853
e3d6500c-8e57-4ed6-93fd-b35626eeac26-1731740371109.jpeg,2.5565
e4241fd4-a5fd-48b4-b760-91cbbd630b69-1731662871983.jpeg,2.088
ea16878a-11fb-4074-9ab7-a3c4d316dc58-1731738059863.jpeg,2.1812
ea3afc12-2390-456e-8192-593640ba21c5-1731565525773.jpeg,1.8479
ea595968-0c7b-4ff9-8a69-9fb64bfb75ad-1731731449372.jpeg,2.2775
ea7ac840-e792-4efa-aabc-e4f5c9219c7a-1731562162866.jpeg,1.2733
eaa4a640-10a5-41ee-bc6e-3850d3c91f5f-1731738442538.jpeg,2.2354
eb86e5f4-28df-43ff-ad7c-e0ee249cd273-1731570508051.jpeg,1.9345
ebd884fe-5c6f-4477-8b34-222e15635e49-1731746348815.jpeg,1.8301
ed56bab8-5b5c-4ccf-805a-f479c6554b49-1731734809036.jpeg,2.3911
ef21d30c-3c69-4414-a43f-14e9e0bbfbd1-1731736935825.jpeg,3.278
ef31124e-115b-4586-804c-06161bf055f5-1731564569406.jpeg,2.807
efeadb65-5cda-4e53-a875-3d25d502fc8a-1731749274249.jpeg,1.9428
einstein.jpg,3.3733
f.png,2.0141
f3928a6d-7159-4209-85dc-5ae74ab79732-1731659284839.jpeg,1.303
f3e4f2f4-b586-4054-8327-ae3058f0a39f-1731748425350.jpeg,2.7525
f44d75fb-05ca-44a2-b579-9bc1dbddf602-1731737694257.jpeg,1.4897
f457a13d0d6c0f7fddc279182e8247bb.jpg,2.3826
f5050f4c-356e-4f9e-97e8-a1b42546a828-1731569889260.jpeg,1.4992
f7250a5a-a6a3-4033-8165-c2d5940cb3de-1731562620037.jpeg,0.9217
f89e0373-8e61-46ef-a97a-cec988d840e8-1731658348260.jpeg,1.8688
f8bbbacc-941c-4d81-8ba0-c980389f8ff5-1731739648024.jpeg,2.1249
f98bcf06-5279-4c41-8178-63b473027156-1731570625719.jpeg,1.4482
f9d48c0a-37e9-4af0-b71a-62cd8e2b0902-1731396079330.jpeg,2.4756
f9e30ce2-27b8-482c-ade6-8846b38104ca-1731735852160.jpeg,1.488
fa5d3c2a-2dcd-40cd-9f23-ca19bfe0f286-1731646952459.jpeg,3.9532
fdab7008-c022-4be5-8056-bf4a19992d65-1731657158227.jpeg,3.2874
fe818920-fcf4-43e7-8da6-b614ccf691f4-1731653437647.jpeg,1.9621
g.png,1.2915
gettyimages-2127751798-612x612.jpg,1.2993
GettyImages_812001522.jpg,0.925
Golden+Retrievers+dans+pet+care.jpeg,2.2716
Golden_Brown_5-Piece_Suit.jpg,0.888
GWHhXIdXsAA7gzJ.jpeg,1.5733
h.png,1.8387
h49stmuo7s531.jpg,1.3485
i.png,1.4928
ian-dooley-DJ7bWa-Gwks-unsplash.jpg,1.8024
images (1).jpeg,1.8036
images.jpeg,1.2312
images90.jpeg,1.748
IMG-20240813-WA0019.jpg,1.3581
IMG-20240813-WA0028.jpg,2.0338
IMG-20240813-WA0029.jpg,1.9258
IMG-20240813-WA0030.jpg,1.7552
IMG-20250211-WA0004.jpeg.jpg,2.7964
IMG_0013.jpg,1.3442
IMG_0357.jpg,0.7531
IMG_0359.jpg,1.3438
IMG_0361.jpg,1.2248
IMG_1513.jpg,1.1196
IMG_20240621_204339 (1).jpg,1.9292
IMG_20240621_204339.jpg,1.1716
IMG_20240621_213755.jpg,1.1175
IMG_7317.JPG,1.9222
IMG_7318.JPG,1.6604
istockphoto-1298266863-612x612.jpg,1.1962
istockphoto-1346124841-612x612.jpg,1.2772
istockphoto-1396840742-612x612.jpg,1.2678
j.png,1.3189
k.png,1.3069
l.png,1.2183
lamine-yamal-fc-barcelona-v-getafe-cf-laliga-ea-sports-2024-1200x675.jpg,1.4366
licensed-image.jpg,0.8547
livingroom.jpg,0.6487
lmio.jpg,3.1098
m.png,3.0893
martin-adams-pTCcJSBOTxY-unsplash.jpg,1.0942
Mohamed-Back.jpg,1.3048
murakami_stack.jpg,0.9161
n.png,0.8289
o.png,1.4672
older-male-construction-worker.jpg,1.1025
online-learning-skills-concept-laptop-screen.jpg,1.0481
p.png,1.3952
pan.jpg,1.3589
pan_abck.jpg,1.127
pipeline _ architecture.jpg,0.9709
pngtree-construction-worker-engineer-png-image_11917231.jpg,0.8142
pngtree-construction-worker-engineer-png-image_11917231.png,1.0715
product-jpeg.jpg,0.9554
PXL_20241008_050533678_2.jpg,1.6279
PXL_20241129_122652213.jpg,1.1377
PXL_20241129_122707562.jpg,2.6282
PXL_20241129_122717755.jpg,1.8184
q.png,0.9503
r.png,1.7879
Real (103).JPG,1.5139
Real (56).jpg,1.2603
robert-bye-bopC0sTGu-E-unsplash.jpg,1.3647
Rohit_Sharma.jpg,1.781
s.png,1.5251
Screenshot_20241007-183802_Octus SDK.jpg,1.2507
sdfg.jpeg,1.1383
september 2024 bill.jpg,1.0226
sgt-pepperoni_png.rf.06916ede61de1233e14f110088e021be.jpg,1.6357
Shankar_VID_Back.jpg,1.4542
Shankar_VID_Front.jpg,1.1808
stop_sign_test1.jpg,1.2327
stop_sign_test2.jpg,1.3082
Sundar pic (1).jpg,1.3598
Sundar pic (2).jpg,1.8036
Sundar pic (3) - Copy.jpg,2.722
Sundar pic (3).jpg,1.4796
Sundar pic (4).jpg,1.1703
Sundar Pichai.jpeg,1.4801
Sundar `1 1.jpg,1.5649
Suriya.jpg,1.4129
t.png,1.0448
top-view-international-worker-s-day-with-engineer-tools.jpg,1.2438
two-colleagues-working-together-office-white-wall.jpg,1.4683
tywin.jpg,1.1935
u.png,1.4289
unnamed (1).jpg,1.0347
unnamed (2).jpg,1.3111
unnamed.jpg,1.7119
unnamedkgcjkgjg.jpg,1.1507
v.png,1.4469
VID_BACK_PAL_10.jpg,1.0266
VID_FRONT_PAL_9.jpg,1.0203
VJS.jpeg,1.4006
vk.jpg,1.9168
w.png,1.823
what-jenis-should-i-get-never-tried-one-v0-tmfbjm3nkcje1 (1).jpg,1.0726
what-jenis-should-i-get-never-tried-one-v0-tmfbjm3nkcje1.jpg,1.2089
WhatsApp Image 2023-11-09 at 12.35.14_082f8bb3.jpg,1.4077
WhatsApp Image 2023-11-16 at 11.00.46.jpeg.jpg,1.6191
WhatsApp Image 2024-01-05 at 16.41.14_213d5c0d.jpg,1.3086
WhatsApp Image 2024-01-05 at 16.41.15_510082ee.jpg,1.2245
WhatsApp Image 2024-01-05 at 16.41.15_b3744e4f.jpg,1.756
WhatsApp Image 2024-03-19 at 14.20.56_6d6f7da8.jpg,1.6518
WhatsApp Image 2024-03-19 at 14.20.57_40600037.jpg,1.3763
WhatsApp Image 2024-04-11 at 02.42.10_551130b0.jpg,1.6845
WhatsApp Image 2024-04-11 at 02.42.10_b02a1400.jpg,1.3178
WhatsApp Image 2024-04-19 at 01.29.29_f8869c20.jpg,1.1889
WhatsApp Image 2024-04-25 at 13.31.34_b2d44524.jpg,1.3856
WhatsApp Image 2024-06-05 at 13.04.48_4f35e897.jpg,1.4497
WhatsApp Image 2024-06-10 at 10.48.41_251a9559.jpg,1.665
WhatsApp Image 2024-06-18 at 19.40.13_39fb9836.jpg,1.51
WhatsApp Image 2024-06-18 at 19.40.13_b450696d.jpg,1.7138
WhatsApp Image 2024-07-10 at 16.55.02_879ff0d8.jpg,3.2749
WhatsApp Image 2024-07-11 at 16.52.44_549ebe6f.jpg,2.8113
WhatsApp Image 2024-07-11 at 4.52.35 PM.jpeg.jpg,1.3055
WhatsApp Image 2024-07-12 at 12.24.19_427c64b2.jpg,1.4915
WhatsApp Image 2024-07-17 at 17.03.33_0224aa91.jpg,1.6639
WhatsApp Image 2024-07-17 at 17.05.30_262e7908.jpg,1.075
WhatsApp Image 2024-07-19 at 11.43.58_2606f5f9.jpg,1.5703
WhatsApp Image 2024-07-23 at 10.42.07 AM.jpeg,1.9549
WhatsApp Image 2024-07-29 at 11.19.55 AM (1).jpeg,0.7709
WhatsApp Image 2024-07-31 at 14.54.54_a179a61b.jpg,1.1697
WhatsApp Image 2024-07-31 at 14.56.59_6d029c86.jpg,1.8029
WhatsApp Image 2024-08-05 at 20.45.14_34f77c6f.jpg,1.3907
WhatsApp Image 2024-08-05 at 20.45.14_84159f42.jpg,1.3829
WhatsApp Image 2024-08-06 at 16.59.02_e7cdbd9b.jpg,1.2503
WhatsApp Image 2024-08-10 at 11.55.49_9bdb1b85.jpg,1.864
WhatsApp Image 2024-08-10 at 12.32.28_f5ba55b0.jpg,1.3266
WhatsApp Image 2024-08-10 at 12.32.28_f5ba55b0Dzfxchjkl.jpg,1.7485
WhatsApp Image 2024-08-10 at 12.32.28_f5ba55b0hb.jpg,1.1083
WhatsApp Image 2024-08-10 at 12.32.28_f5ba55b0kjjb.jpg,1.8183
WhatsApp Image 2024-09-05 at 10.03.01_92880a10.jpg,2.9813
WhatsApp Image 2024-09-05 at 10.03.26_17ed2b8c.jpg,2.4441
WhatsApp Image 2024-09-05 at 10.03.27_25a9b457.jpg,1.7765
WhatsApp Image 2024-09-05 at 10.03.27_9810d6b0.jpg,2.515
WhatsApp Image 2024-09-05 at 11.18.59_4dd70354.jpg,2.3095
WhatsApp Image 2024-09-05 at 11.44.26_47a26c33.jpg,2.4672
WhatsApp Image 2024-09-16 at 11.06.15_8323672b.jpg,2.3886
WhatsApp Image 2024-09-18 at 22.45.50_8b8f9b8e.jpg,2.0249
WhatsApp Image 2024-11-11 at 10.17.45_8682eee2.jpg,1.8403
WhatsApp Image 2024-11-11 at 10.18.11_3cd061fb.jpg,1.7074
WhatsApp Image 2024-11-14 at 18.13.03_f3666b91.jpg,1.9085
WhatsApp Image 2024-11-17 at 22.59.16_42d7789c.jpg,4.8015
WhatsApp Image 2024-11-27 at 03.47.00_c68cc3c0.jpg,2.9898
WhatsApp Image 2024-11-29 at 18.07.11_89d92af8.jpg,1.8132
WhatsApp Image 2024-12-30 at 13.01.39_f01d3969.jpg,2.5069
WhatsApp Image 2025-01-04 at 21.32.18_56436d5f.jpg,1.3559
WhatsApp Image 2025-01-06 at 17.32.09_825f4e97.jpg,1.974
WhatsApp Image 2025-01-09 at 13.57.45_0178f958.jpg,2.6149
WhatsApp Image 2025-02-06 at 15.18.12_18502931.jpg,2.0045
WhatsApp Image 2025-02-07 at 11.39.15_3bb8db6d.jpg,1.6805
WhatsApp Image 2025-02-10 at 12.05.56_55061dfd.jpg,2.0326
WhatsApp Image 2025-03-17 at 15.01.36_59161462.jpg,2.4336
WhatsApp Image 2025-03-17 at 15.13.55_4a420fd0.jpg,4.9136
WhatsApp Image 2025-03-20 at 15.47.53_93d91c93.jpg,2.9734
WhatsApp Image 2025-03-20 at 15.47.56_9e6db6ba.jpg,2.3216
WhatsApp Image 2025-03-20 at 15.48.03_16a356e3.jpg,2.3938
WhatsApp Image 2025-03-20 at 15.48.04_11a0b1d9.jpg,2.2684
WhatsApp Image 2025-03-26 at 19.04.12_538b3d6d.jpg,2.4777
WhatsApp Image 2025-03-28 at 14.09.55_69cb28cd.jpg,1.778
WhatsApp Image 2025-03-28 at 14.09.55_a5ec9d81.jpg,1.9915
WhatsApp Image 2025-03-28 at 14.16.16_b59a570e.jpg,1.9836
WhatsApp Image 2025-03-28 at 14.16.16_c1d7e5fd.jpg,2.1858
WhatsApp Image 2025-03-28 at 14.18.16_de789376.jpg,2.2876
WhatsApp Image 2025-03-28 at 15.16.28_2798d416.jpg,1.3516
WhatsApp Image 2025-03-29 at 11.41.05_1c2e670a.jpg,6.7071
WhatsApp Image 2025-03-29 at 11.41.05_ca96eeb5.jpg,2.34
WhatsApp Image 2025-03-29 at 11.41.06_6d254f19.jpg,2.4093
WhatsApp Image 2025-03-29 at 11.41.11_358dd7eb.jpg,2.2292
WhatsApp Image 2025-03-29 at 11.41.11_39e07c12.jpg,1.9743
WhatsApp Image 2025-03-29 at 11.41.11_9627ef89.jpg,1.5546
WhatsApp Image 2025-03-29 at 11.41.12_c1b0876c.jpg,2.5441
WhatsApp Image 2025-04-02 at 16.26.24_faca6575.jpg,1.6235
WhatsApp Image 2025-04-02 at 22.35.26_e89ad486.jpg,2.1651
WhatsApp Image 2025-04-11 at 13.56.57_eb5f16f3.jpg,1.9514
WhatsApp Image 2025-04-11 at 14.01.04_4e7aa233.jpg,1.7103
WhatsApp Image 2025-04-11 at 14.03.32_40d4aa7d.jpg,1.0834
WhatsApp Image 2025-04-12 at 10.59.04_f869eac2.jpg,3.6294
WhatsApp Image 2025-04-13 at 09.29.28_03a6c3dd.jpg,2.0956
x.png,2.0238
xavi.jpeg,3.4166
y.png,2.7659
young-businesspeople-talking-together-office.jpg,1.9108
z.png,1.8531
Zaviye 15.mp4_frame_2352.jpeg,2.5449
